\"185.237.74.247\",
\"185.237.74.247\",
\"185.237.74.247\",
\"185.237.74.247\",
\"185.237.74.247\",
\"185.237.74.247\",
\"185.237.74.247\",
\"185.237.74.247\",
\"185.237.74.247\",
\"185.237.74.247\",
\"185.237.74.247\",
\"185.237.74.247\",
\"185.237.74.247\",
\"185.237.74.247\",
\"185.237.74.247\",
\"185.237.74.247\",
\"185.218.202.192\",
\"185.218.202.192\",
\"195.26.64.211\",
\"185.237.74.247\",
\"185.237.74.247\",
\"185.218.202.192\",
\"185.237.74.247\",
\"185.237.74.247\",
\"185.237.74.247\",
\"185.237.74.247\",
\"185.237.74.247\",
\"185.237.74.247\",
\"185.237.74.247\",
\"185.237.74.247\",
\"185.237.74.247\",
\"185.218.202.192\",
\"185.237.74.247\",
\"185.237.74.247\",
\"185.237.74.247\",
\"185.237.74.247\",
\"185.218.202.192\",
\"185.218.202.192\",
\"185.218.202.192\",
\"185.237.74.247\",
\"5.199.168.24\",
\"5.199.168.24\",
\"185.218.202.192\",
\"185.237.74.247\",